{
  "recall@10": 0.051666666666666666,
  "ndcg@10": 0.029233564060177623,
  "recall@20": 0.085,
  "ndcg@20": 0.03777413559395742
}