{
  "recall@10": 0.08333333333333333,
  "ndcg@10": 0.04137243046348146,
  "recall@20": 0.13666666666666666,
  "ndcg@20": 0.054700538458160156
}