{
  "recall@10": 0.10833333333333334,
  "ndcg@10": 0.0622809809941472,
  "recall@20": 0.16833333333333333,
  "ndcg@20": 0.07716880403557795
}