{
  "recall@10": 0.12166666666666667,
  "ndcg@10": 0.05541996081405979,
  "recall@20": 0.17666666666666667,
  "ndcg@20": 0.06936311242619526
}