{
  "recall@10": 0.115,
  "ndcg@10": 0.06224298980129999,
  "recall@20": 0.19,
  "ndcg@20": 0.0810746585065455
}